id;created_at
1;2026-04-10T06:30:12
2;2026-04-10T06:10:41
3;2026-04-10T04:02:12
4;2026-04-09T22:34:45
5;2026-04-10T09:10:10
6;2026-04-10T03:18:31
7;2026-04-09T20:05:45
8;2026-04-10T00:23:53
9;2026-04-10T13:47:02
10;2026-04-09T23:10:50
11;2026-04-10T09:26:54
12;2026-04-09T22:35:09
13;2026-04-09T21:08:32
14;2026-04-10T02:29:01
15;2026-04-10T02:50:39
16;2026-04-09T22:22:26
17;2026-04-10T06:35:54
18;2026-04-10T11:52:14
19;2026-04-09T23:12:08
20;2026-04-10T15:53:32
21;2026-04-10T06:27:03
22;2026-04-09T23:57:13
23;2026-04-10T13:54:20
24;2026-04-09T23:42:45
25;2026-04-10T08:58:08
26;2026-04-09T19:35:37
27;2026-04-09T19:43:54
28;2026-04-10T10:20:34
29;2026-04-09T20:50:24
30;2026-04-10T08:51:54
