id;position;added_at;playlist_id;song_id
1;21352;2026-04-10T16:59:11;1;1
2;4606;2026-04-10T15:45:57;2;2
3;17591;2026-04-10T00:13:29;3;3
4;25590;2026-04-10T04:51:38;4;4
5;23902;2026-04-10T07:59:10;5;5
6;15021;2026-04-10T04:39:03;6;6
7;21224;2026-04-10T11:21:15;7;7
8;20986;2026-04-10T03:10:04;8;8
9;4989;2026-04-10T10:45:30;9;9
10;17468;2026-04-10T00:51:39;10;10
11;14906;2026-04-10T16:48:01;11;11
12;20890;2026-04-10T03:25:55;12;12
13;22445;2026-04-10T15:32:24;13;13
14;12382;2026-04-10T05:43:25;14;14
15;8134;2026-04-10T15:56:03;15;15
16;9218;2026-04-10T13:13:17;16;16
17;21812;2026-04-10T09:34:59;17;17
18;3201;2026-04-10T03:09:37;18;18
19;6650;2026-04-09T19:54:32;19;19
20;15997;2026-04-10T18:21:19;20;20
21;28602;2026-04-10T14:01:01;21;21
22;27293;2026-04-09T18:55:09;22;22
23;3110;2026-04-10T11:39:26;23;23
24;20889;2026-04-09T18:54:06;24;24
25;88;2026-04-10T04:41:00;25;25
26;11982;2026-04-10T15:42:28;26;26
27;22185;2026-04-10T02:22:34;27;27
28;12438;2026-04-10T09:59:41;28;28
29;12436;2026-04-09T18:46:04;29;29
30;9949;2026-04-09T22:16:43;30;30
